??,??,to meet,to encounter,,,,,,,
?,??,blue,,,,,,,,
?,??,green,,,,,,,,
?,??,green light,,,,,,,,
?,??~,immature,unripe, young,,,,,,
??,???,blue,green,,,,,,,
??,???,pale,,,,,,,,
??,???,unripe,inexperienced,,,,,,,
?,??,red,crimson, scarlet,,,,,,
?,??,Red-containing color (e.g. brown, pink, orange),,,,,,
?,??,red light,,,,,,,,
??,???,red,,,,,,,,
??,????,bright,colorful,,,,,,,
??,????,cheerful,,,,,,,,
??,????,familiar (with),knowledgeable (about),,,,,,,
?,??,autumn,fall,,,,,,,
??,??,to open (e.g. doors),,,,,,,,
??,??,to open (e.g. business, etc...),,,,,,,
??,??,to be empty,,,,,,,,
??,??,to be vacant, to be available,,,,,,,
???,???,to open (a door, etc...),to unwrap (e.g. parcel),,,,,,
???,???,to open (for business, etc...),,,,,,,
???,???,to empty,to clear out,,,,,,,
???,???,to give,,,,,,,,
???,???,to raise,to elevate,,,,,,,
???,???,to fly (a kite, etc...),to launch (fireworks, etc...), to surface (a submarine, etc...),,,
?,??,morning,,,,,,,,
???,?????,breakfast,,,,,,,,
????, ??????,????, ??????,day after tomorrow,,,,,,
?,??,foot,,,,,,,,
?,??,leg,,,,,,,,
?,??,gait,,,,,,,,
?,??,pace,,,,,,,,
??,???, ??, ?????,tomorrow,,,,,,
???,???,over there,there, that place, yonder,,,,,
??,???,to play,to make a visit (esp. for pleasure),,,,,,,
??,???,to be idle,to do nothing,,,,,,,
???,?????,warm (usu. Air temperature),mild, genial,,,,,,
?,???,head,,,,,,,,
?,???,mind,brain, intellect,,,,,,
?,???,top,,,,,,,,
???,?????,new,,,,,,,,
???, ???,???, ???,over there,that way, yonder,,,,
???, ???,???, ???,that one,that  ,,,,,
???, ???,???, ???,that person,,,,,,
??,???,hot (weather, etc...),warm,,,,,,
??,???,hot (thing),,,,,,,,
??,???,kind,cordial, warm (hearted), serious, faithful,,,,
??,???,thick,deep, heavy,,,,,,
??,???,abundant,,,,,,,,
?,??,behind,rear,,,,,,,
?,??,after,later,,,,,,,
?,??,descendant,successor, heir,,,,,,
???,???,you (referring to someone of equal or lower status),,,,,,,,
???,???,dear (what a wife calls a husband),,,,,,,,
?,??,older brother,elder brother,,,,,,,
?,??,older sister,elder sister,,,,,,,
??,??,that (someone or something distant from both speaker and listener, or situation unfamiliar to both speaker and listener),,,,,,,
??, ???, ???,??, ???, ???,um...,say, well, err... (hesitation sound),
????,????,apartment,(abbreviation for) ???????,,,,,,,
????,????,apartment house,apartment block, apartment building, (abbreviation for) ??????????,,,,,
???,???,to bathe,to bask in the sun, to shower,,,,,,
???,????,dangerous,hazardous, perilous,,,,,,
???,????,in danger,in jeopardy, critical, grave, at risk,,,,
???,????,uncertain,unreliable,,,,,,,
??,???,sweet,delicious,,,,,,,
???, ????,???, ????,remainder,rest, balance, remains, scraps, residue, remnant
???, ????,???, ????,not very (with negative sentence),not much,,,,,
?,??,rain,,,,,,,,
?,??,(hard) candy,toffee,,,,,,,
??,???,to wash,,,,,,,,
??,???,to investigate,,,,,,,,
??,??,to be (usually for inanimate objects),to exist, to live,,,,,,
??,??,to have,,,,,,,,
??,??,to be located,,,,,,,,
??,???,to walk,,,,,,,,
??,??,that,(indicating sth away from both speaker and listener, or sth understood between listener and speaker without mentioning it),,,,,,
??,??/??,good,excellent, fine, nice, pleasant, agreeable,,,
???,???,no,nay, well,,,,,,
??,??,to say,,,,,,,,
??,??,to call (i.e. to give a name),,,,,,,,
?,??,house,residence, dwelling,,,,,,
?,??,Family,household,,,,,,,
?,??,lineage,family name,,,,,,,
??,??,to go,,,,,,,,
??,??,to proceed,to take place,,,,,,,
??,??,to continue,,,,,,,,
???,???,how many?,,,,,,,,
???,???,how old?,,,,,,,,
???,???,how much?,how many?,,,,,,,
?,??,pond,,,,,,,,
??,???,(medical) doctor,physician,,,,,,,
??,??,chair,stool,,,,,,,
??,??,post,office, position,,,,,,
???,?????,busy,hectic, occupied, engaged,,,,,
??,???,painful,sore,,,,,,,
?,??,one,,,,,,,,
??,???,best in,the most (…) in (where an adjective follows),,,,,,,
??,????,(the) first (of the month),,,,,,,,
??,????,one day,,,,,,,,
??,????,best,first, number one,,,,,,
??,??,when,how soon,,,,,,,
??,???,five days,,,,,,,,
??,???,fifth day,,,,,,,,
??,????,together,meeting, company,,,,,,
??,???,five,,,,,,,,
???,???,always,usually, every time,,,,,,
???,???,never (with neg. verb),,,,,,,,
?,??,dog,,,,,,,,
?,??,now,the present time, just now, immediately, (one) more,,,,
??,??,meaning,significance,,,,,,,
?,????,younger sister,,,,,,,,
?,??,unpleasant,disagreeable, detestable, reluctant,,,,,
??,????,entrance,entry, gate, approach, mouth,,,,
??,??,to be (of animate objects),to have (used for people and animals),,,,,,,
??,??,to stay,,,,,,,,
??,??,(after the -te form of a verb indicating) continuing action or state,,,,,,,,
??,??,to need,,,,,,,,
???,???,to put in,to set (a jewel, etc...),,,,,,
???,???,to admit,to accept, to employ, to hire,,,,,
?,??,color,,,,,,,,
????,????,various,,,,,,,,
?,??,above,up, over,,,,,,
?,??,top,summit,,,,,,,
?,??,surface,on ,,,,,,,
?,??,before,previous,,,,,,,
??,???,behind,back, rear,,,,,,
??,???,thin,,,,,,,,
??,???,pale,light,,,,,,,
??,???,watery,dilute, sparse,,,,,,
??,???,weak (taste, etc...),,,,,,,
?,??,song,,,,,,,,
?,??,(classical) Japanese poetry (esp. tanka),,,,,,,,
?,??,modern poetry,,,,,,,,
??,???,to sing,,,,,,,,
????,????,to be born,,,,,,,,
?,??,sea,beach,,,,,,,
??,??,to sell,,,,,,,,
??,????,noisy,loud,,,,,,,
??,????,fussy,,,,,,,,
??,????,annoying,troublesome, tiresome, importunate,,,,,
??,????,bossy,,,,,,,,
??,???,jacket,coat, tunic, outer garment,,,,,
?,?,picture,drawing, painting, sketch,,,,,
??,???,movie,film,,,,,,,
???,?????,movie theater (theatre),cinema,,,,,,,
??,???,English (language),,,,,,,,
??,??,yes,that is correct, right, (used with flat intonation),,,,,
??,??,um...,Errr, (said trailing off, ??????,,,,,
??,??,huh?,(used with questioning intonation),,,,,,,
??,??,grrr,gah, Must I? (used with questioning intonation),,,,,,
?,??,station,,,,,,,,
??????,??????,elevator,lift,,,,,,,
??,????,pencil,,,,,,,,
????,????,delicious,tasty,,,,,,,
??,???,many,numerous,,,,,,,
???,????,big,large, great,,,,,,
???,????,big,large, great,,,,,,
??,????,crowd (of people),many, great number of people,,,,,,
????,?????,mother,,,,,,,,
???,???,sweets,confections, candy,,,,,,
??,???,money,,,,,,,,
???,???,to get up,to rise,,,,,,,
???,???,to wake up,,,,,,,,
???,???,to occur (usu. Of unfavorable incidents),to happen, to take place,,,,,,
??,??,to put,to place,,,,,,,
??,??,to leave (behind),,,,,,,,
??,??,to do something in advance ,,,,,,,,
???,????,(your) wife,wife, his wife, married lady, madam,,,,
??,???,alcohol,sake,,,,,,,
??,???,plate,dish,,,,,,,
?????,?????,grandfather,,,,,,,,
?????,?????,male senior-citizen,,,,,,,,
???,????,to teach,to inform, to tell, to instruct,,,,,
????, ????,????,uncle,,,,,,,
????,????,old man,mister,,,,,,,
??,??,to push,to press,,,,,,,
??,??,to press down,to apply pressure from above,,,,,,,
??,??,to stamp (i.e. a passport),to apply a seal,,,,,,,
??,???,slow,,,,,,,,
??,???,late (e.g. late at night),,,,,,,,
??,???,too late,,,,,,,,
??,???,tea (usually green),,,,,,,,
??,???,tea break (at work),,,,,,,,
??,???,tea ceremony,,,,,,,,
????,?????,bathroom,toilet, restroom, lavatory,,,,,
????,?????,father,,,,,,,,
?,????,younger brother,,,,,,,,
?,???,Man,,,,,,,,
???,?????,Boy,male child, baby boy,,,,,,
???,????, ???????????,day before yesterday,,,,,,,
???,???????????,year before last,,,,,,,,
??,???,Adult,,,,,,,,
??,???,stomach,,,,,,,,
??,???,same,identical, equal, uniform, equivalent, common (origin), changeless, alike,
????,?????,young man,buddy, fella, laddie,,,,,
????,?????,older brother,elder brother,,,,,,,
????,?????,older sister,elder sister,,,,,,,
????,?????,young lady,,,,,,,,
????,?????,miss (referring to a waitress, etc..),,,,,,,
?????,?????,grandmother,,,,,,,,
?????,?????,female senior-citizen,,,,,,,,
????/????,????,Aunt,,,,,,,,
????,????,old lady,ma'am,,,,,,,
???,???,Bath,,,,,,,,
???,?????,(Japanese) box lunch,,,,,,,,
???,????,to remember,to recollect, to memorize,,,,,,
???,????,to feel,,,X,,,,,
?????,??????,(friendly term for a) policeman,,,,,,,,
??,???,Heavy,massive,,,,,,,
??,???,serious,important, severe, oppressed,,,,,
???,?????,Interesting,amusing,,,,,,,
??,???,to swim,,,,,,,,
???,???,to descend (e.g. a mountain),to go down,,,,,,,
???,???,to get off,to disembark, to dismount,,,,,,
??,???,to finish,to end, to close,,,,,,
??,????,Music,musical movement,,,,,,,
?,???,Woman,,,,,,,,
???,?????,Girl,,,,,,,,
??,????,foreign country,,,,,,,,
???,??????,Foreigner,,,,,,,,
??,????,Company,corporation,,,,,,,
??,????,Stairs,stairway, staircase,,,,,,
???,????,Shopping,purchased goods,,,,,,,
??,??,to buy,,,,,,,,
??,???,to return (something),to restore, to put back,,,,,,
??,???,to turn over,to turn upside down, to overturn,,,,,,
??,???,to go back,to return, to come back, to go home,,,,,
??,???,(of a guest, customer, etc...) to leave,,,,,,
?,??,(person's) face,,,,,,,,
???,???,to take (time or money),,,,,,,,
???,???,to hang,,,,,,,,
?,??,key,,,,,,,,
?,??,lock,,,,,,,,
??,??,to write,,,,,,,,
??,????,Student (esp. a university student),,,,,,,,
???,???,to make (a call),,,,,,,,
?,??,Umbrella,parasol,,,,,,,
??,??,to lend,to loan,,,,,,,
??,??,to rent out,to hire out,,,,,,,
?,??,Wind,breeze,,,,,,,
??,??,cold (illness),common cold,,,,,,,
??,???,Family,members of a family,,,,,,,
?,??,direction,way,,,,,,,
?,??,person,lady, gentleman,,,,,,
~?,~??,method of,manner of, way of,,,,,,
??,????,School,,,,,,,,
???,???,Cup,,,,,,,,
??,???,Household,home, household,,,,,,
?,??,(a) corner (of a desk, pavement, etc...),,,,,,
?,??,edge,,,,,,,,
?,???,(cloth, leather, etc... NOT paper, plastic) bag,satchel, briefcase, basket,,
??,???,a (flower) vase,,,,,,,,
??,???,to wear (on head),,,,,,,,
?,??,paper,,,,,,,,
???,???,camera,,,,,,,,
???,????,Tuesday,,,,,,,,
??,???,Spicy,hot,,,,,,,
??,???,salty,,,,,,,,
??,???,tough (on someone),adverse, harsh,,,,,,
?,???,Body,,,,,,,,
?,???,health, ,,,,,,,
???,???,to borrow,to have a loan,,,,,,,
???,???,to rent,to hire,,,,,,,
??,???,Light (i.e. not heavy),feeling light (i.e. offering little resistance, moving easily),,,,,,
??,???,light (i.e. of foot),nimble, agile,,,,,,
???,???,Curry,,,,,,,,
?????,?????,calendar,,,,,,,,
?, ?,??,River,stream,,,,,,
?, ?,??, ??,(the …) river (suffix used with the names of rivers),,,,,,
???,????,Cute,adorable, charming, lovely, pretty,,,,
???,????,dear,precious, darling, pet,,,,,
???,????,cute little,tiny,,,,,,,
??,???,],kanji,,,,,,,
?,?,tree,wood, timber,,,,,,
??,???,yellow,amber,,,,,,,
???,????,yellow,,,,,,,,
???,???,to disappear,to go out, to vanish,,,,,,
??,??,to hear,,,,,,,,
??,??,to listen (e.g. to music),,,,,,,,
??,??,to ask,to enquire,,,,,,,
?,??,North,,,,,,,,
???,???,Guitar,,,,,,,,
??,????,Dirty,unclean, filthy,,,,,,
???,?????,coffee lounge,coffee shop, (rather formal) cafe,,,,,,
??,???,(postage) stamp,merchandise certificate,,,,,,,
??,???,Ticket,,,,,,,,
??,???,Yesterday,,,,,,,,
?,??? / ?,Nine,,,,,,,,
??,?????,Beef,,,,,,,,
??,??????,(cow's) Milk,,,,,,,,
??,???,Today,this day,,,,,,,
??,?????,Classroom,,,,,,,,
??,?????,siblings,brothers and sisters,,,,,,,
??,????,last year,,,,,,,,
??,???,Hate,dislike,,,,,,,
??,???,suspicion,tendency, smack (of),,,,,,
??,??,to cut (through),,,,,,,,
??,??,to sever (connections, ties),,,,,,,
??,??,to turn off (i.e. the light),,,,,,,,
??,??,to put on (from the shoulders down),to wear,,,,,,,
??,??,to bear (guilt, etc...),,,,,,,
???,???,pretty,lovely, beautiful, fair,,,,,
???,???,clean ,clear, pure, tidy, neat,,,,
???,???,completely,entirely,,,,,,,
??, ?????,??, ?????,Kilogram,,,,,,
??,??????,??,??????,Kilometer,,,,,,
??,????,Bank,,,,,,,,
???,?????,Friday,,,,,,,,
?,???,medicine,pharmaceuticals, (legal) drugs,,,,,,
??? ,????,Please (give me),,,,,,,,
??? ,????,(after te-form of a verb or a noun prefixed with o- or go-) please (do for me),,,,,,,,
??,????,Fruit,,,,,,,,
?,??,mouth,,,,,,,,
?,??,opening,hole, gap, orifice,,,,,
?,??,Shoes,footwear,,,,,,,
??,????,Socks,stockings, stocking,,,,,,
?,??,Country,(the) state,,,,,,,
?,??,region,,,,,,,,
?,??,home (i.e. hometown, home country),,,,,,,
??,???,cloudy weather,cloudiness, shadow,,,,,,
??,???,to become cloudy,to become dim,,,,,,,
??,???,Gloomy,dark,,,,,,,
??,???,dark (in color),dull,,,,,,,
??,???,depressed,dispirited,,,,,,,
???,???,Class,,,,,,,,
???,???,Gram,gramme,,,,,,,
??,??,to come (spatially or temporally),to approach, to arrive,,,,,,
??,??,to come back,to do … and come back,,,,,,,
?,???,car,automobile, vehicle,,,,,,
?,???,wheel,,,,,,,,
?,??,Black,,,,,,,,
?,??,dark,,,,,,,,
??,???,black,,,,,,,,
??,???,dark,,,,,,,,
??,???,illicit,wicked, underground,,,,,,
??,????,policeman,,,,,,,,
??,??,this morning,,,,,,,,
??,??,to erase,to delete, to cross out,,,,,,
??,??,to turn off power,,,,,,,,
??,??,to extinguish,to put out,,,,,,,
??,????,splendid,nice,,,,,,,
??,????,sufficient,“I'm fine” (no thank you),,,,,,,
??,????,OK,tolerable,,,,,,,
??,????,Marriage,,,,,,,,
???,?????,Monday,,,,,,,,
??,????,entry hall,entranceway,,,,,,,
??,???,health,robust, vigor, energy, vitality, vim, stamina, spirit, courage
?,?,Five,,,,,,,,
??,????,(public) Park,,,,,,,,
???,?????,intersection,intersection,,,,,,,
??,????,black tea,,,,,,,,
??,????,police box,,,,,,,,
??,????,alternation,alternating (e.g. current),,,,,,,
?,??,Voice,,,,,,,,
???,???,coat,,,,,,,,
???,???,court (i.e. tennis, basketball, etc...),,,,,,
????,????,Coffee,,,,,,,,
??,??,Here,this place,,,,,,,
??,??,afternoon,p.m.,,,,,,,
??,????,nine days,,,,,,,,
??,????,ninth (day of the month),,,,,,,,
??,????,Nine,,,,,,,,
???,?????,your husband,her husband,,,,,,,
??,???,morning,a.m.,,,,,,,
???,????,to answer,to reply,,,,,,,
???, ???,???, ???,this way,this direction,,,,,
???, ???,???, ???,Here,,,,,,
???, ???,???, ???,this one,,,,,,
???, ???,???, ???,I, me,,,,,
???, ???,???, ???,this person,,,,,,
???,???,a glass,tumbler,,,,,,,
??,???,this year,,,,,,,,
??,???,language,dialect,,,,,,,
??,???,word,words, phrase, term, expression, remark,,,
??,???,Child,children,,,,,,,
??,??,This,,,,,,,,
??,???,cooked rice,,,,,,,,
??,???,meal,,,,,,,,
???,???,copy,photocopy,,,,,,,
??,???,to be worried,to be bothered,,,,,,,
??,??,This (indicating an item near the speaker, the action of the speaker, or the current topic),,,,,,
??,????,this month,,,,,,,,
??,?????,this week,,,,,,,,
???,???,Such (about something/someone close to the speaker (including the speaker), or about ideas expressed by the speaker),like this,,,,,,
??,????,this evening,tonight,,,,,,,
??,??,well…,,,,,,,,
??,???,Wallet,purse, handbag,,,,,,
?,???,Fish,,,,,,,,
?,??,previous,prior, former, some time ago, preceding,,,,
??,??,to bloom,,,,,,,,
??,????,writing,composition,,,,,,,
??,??,to hold up (an umbrella, etc...),to put up, to raise,,,,,
??,???,Magazine,journal, periodical,,,,,,
??,???,Sugar,,,,,,,,
??,???,Cold,,,,,,,,
???,?????,year after next,,,,,,,,
?,??,Three,,,,,,,,
??,?????,to stroll,to go for a walk,,,,,,,
?,? / ??,Four,,,,,,,,
?,??,Salt,common salt, table salt,,,,,,
???,???,However,but,,,,,,,
??,???,Time,,,,,,,,
??,???,hours,,,,,,,,
??,???,Job,work, business, occupation, employment, vocation, task,,
??,???,Dictionary,lexicon,,,,,,,
??,???,Quiet,peaceful,,,,,,,
?,??,Below,down, under,,,,,,
?,??,bottom,,,,,,,,
?,??,beneath,underneath,,,,,,,
?,?? / ??,Seven,,,,,,,,
??,????,Question,inquiry, enquiry,,,,,,
???,?????,Bicycle,,,,,,,,
???,?????,Automobile,,,,,,,,
??,??,to die,,,,,,,,
??,???,Dictionary,,,,,,,,
??,???,Oneself,myself, yourself, himself, herself,,,,
??,???,I ,me,,,,,,,
???,???,to close,to be closed, to be shut,,,,,,
???,???,to be locked,,,,,,,,
???,???,to tighten,to be tightened,,,,,,,
???,???,to close,to shut,,,,,,,
???,???,to tie,to fasten,,,,,,,
???,???,to total,to sum,,,,,,,
???,???,to be strict with,,,,,,,,
??/???,??/???,well then…,then, so, well,,,,,
??,????,photograph,,,,,,,,
???,???,Shirt,singlet,,,,,,,
????,????,Shower,,,,,,,,
?,???, ??,Ten,,,,,,,
??,?????,lesson,class work,,,,,,,
??,?????,homework,,,,,,,,
??,????,Skillful,skill, dexterity,,,,,,
??,????,strong,healthy, robust, solid, durable,,,,
??,????,soy sauce,,,,,,,,
??,?????,dining hall,dining room, cafeteria, messroom,,,,,
??,?????,diner,restaurant, snack bar, eatery,,,,,
??,??,to know,to understand, to be acquainted with, to feel,,,,,
?,??,White,,,,,,,,
??,???,White,,,,,,,,
??,????,newspaper,,,,,,,,
???,?????,Wednesday,,,,,,,,
??,??,to smoke,to breathe, to inhale,,,,,,
??,??,to suck,to sip, to slurp,,,,,,
??,??,to absorb,to soak up,,,,,,,
????,????,Skirt,,,,,,,,
??,??,liking,fondness, love,,,,,,
???,????,a few,a little, scarce, insufficient, seldom,,,,
???,???,Instantly,immediately,,,,,,,
??,???,Few,small quantity, little, something,,,,,
??,???,little while,,,,,,,,
??,???,short distance,,,,,,,,
???,????,Refreshing,cool,,,,,,,
????,????,Heater,,,,,,,,
????,????,Spoon,,,,,,,,
????,????,Sport,,,,,,,,
???,???,Trousers,pants,,,,,,,
??,??,to live (of humans),to reside, to inhabit, to dwell, to abide,,,,
????,????,Slippers,,,,,,,,
??,??,to do,,,,,,,,
??,??,to make (into),to turn (into),,,,,,,
??,??,to serve as,to work as,,,,,,,
??,???,to sit,to squat,,,,,,,
??,???,to assume (a position),,,,,,,,
?,?,height,stature,,,,,,,
??,???,Pupil,,,,,,,,
????,????,sweater, jumper,,,,,,,
????,????,Economy,thrift,,,,,,,
??,???,business suit,,,,,,,,
??,???,Narrow,confined, small,,,,,,
??,??,Zero,,,,,,,,
?,??,Thousand,1000,,,,,,,
??,????,last month,,,,,,,,
??,?????,last week,the week before,,,,,,,
??,????,teacher,master, doctor,,,,,,
??,????,(with names of teachers, etc. as an) honorific title,,,,,,,
??,????,Washing,laundry,,,,,,,
??,???,All,entire, whole, altogether,,,,,
??,???,cleaning,sweeping,,,,,,,
????,????,like that,and,,,,,,,
???,???,and then,and, thus, and now,,,,,
??,??,there (place relatively near listener),,,,,,,,
??,??,there (place just mentioned),that place,,,,,,,
??,??,then (of some incident just spoken of),that (of point just raised),,,,,,,
???, ???,???, ???,that way (by you),,,,,,
???, ???,???, ???,there,,,,,,
???, ???,???, ???,that one,,,,,,
???, ???,???, ???,you,your family,,,,,
?,??,Outside,exterior,,,,,,,
?,??,open air,,,,,,,,
??,??,that (something or someone distant from the speaker, close to the listener; actions of the listener, or ideas expressed or understood by the listener),the,,,,,
??,??,um...,er..., uh... (hesitation sound),,,,,,
?,??,near,close, beside, vicinity, proximity, besides, while,,
?,??,Sky,the heavens,,,,,,,
??,??,that (indicating an item or person near the listener, the action of the listener, or something on their mind) ,it,,,,,
??,??,that time,then,,,,,,,
????,????,after that,and then,,,,,,,
????,????,in that situation,in which case,,,,,,,
????,????,well then…,,,,,,,,
??,????,university,,,,,,,,
???,?????,embassy,,,,,,,,
???,??????,all right,safe, OK,,,,,,
???,????,very likeable,loveable, like very much,,,,,,
??,????,important,valuable, worthy of care,,,,,,
????,????,mostly,ordinarily, usually,,,,,,
????,????,probably,,,,,,,,
????,????,most ,almost all,,,,,,,
??,?????,kitchen,,,,,,,,
??,????,very,greatly,,,,,,,
??,????,immense,enormous, great,,,,,,
??,????,serious,grave, dreadful, terrible,,,,,
??,???,high,tall,,,,,,,
??,???,expensive,,,,,,,,
????,????,many,a lot, much,,,,,,
????,????,taxi,,,,,,,,
??,??,to take out,,,,,,,,
??,??,to reveal,to show,,,,,,,
??,??,to submit (e.g. thesis),to turn in,,,,,,,
??,??,to publish,,,,,,,,
??,??,to send (e.g. letter),,,,,,,,
??,??,to stand,to rise, to stand up,,,,,,
?,??,(the) vertical,height,,,,,,,
?,??,length,Front-to-back,,,,,,,
??,????,building,,,,,,,,
???,????,enjoyable,fun,,,,,,,
??,???,to ask,to request, to beg,,,,,,
??,???,to call,to order, to reserve,,,,,,
???,???,tobacco,cigarettes,,,,,,,
???,???,probably,perhaps,,,,,,,
???,???,many,generous, much, great,,,,,
???,????,food,,,,,,,,
???,???,to eat,,,,,,,,
?,???,(hen) egg(s),spawn, roe,,,,,,
?,??,who,,,,,,,,
?,???,somebody,someone,,,,,,,
???,??????,birthday,,,,,,,,
????,????,gradually,by degrees,,,,,,,
???,????,little,small, tiny,,,,,,
???,????,little,small, tiny,,,,,,
??,???,near,close, short (distance),,,,,,
??,???,to differ (from),to vary,,,,,,,
??,???,to not be in the usual condition,,,,,,,,
??,???,to not match the correct (answer, etc...),,,,,,,
??,???,near,neighborhood,,,,,,,
??,???,nearly,close to,,,,,,,
??,???,shortly,soon,,,,,,,
???,????,underground train,subway,,,,,,,
??,??,map,,,,,,,,
?,??,father,,,,,,,,
??,????,light brown,tawny,,,,,,,
???,????,rice bowl,tea cup, teacup,,,,,,
????,????,exactly,just, right,,,,,,
????,????,somewhat,easily, readily, rather,,,,,
????,????,just a minute,short time, just a little,,,,,,
??,????,first of month,,,,,,,,
??,???,to use (a person, animal, etc...),to employ,,,,,
??,???,to make use of,,,,,,,,
??,???,to use (time, money, etc...),to spend, to consume,,,,
???,????,to get tired,to tire ,,,,,,,
???,????,to be worn out (e.g. of well used objects),,,,,,,,
?,??,next,following, subsequent,,,,,,
?,??,stage,station,,,,,,,
??,??,to arrive at,to reach,,,,,,,
??,??,to sit on,to sit at,,,,,,,
?,???,desk,,,,,,,,
??,???,to make,to produce, to manufacture, to build,,,,,
??,???,to prepare (food),to brew (alcohol),,,,,,,
??,???,to raise,to cultivate,,,,,,,
???,???,to turn on,to switch on, to light up,,,,,,
???,????,to work for someone,to be employed (at), to serve (in),,,,,,
?????,?????,boring,dull, uninteresting,,,,,,
?????,?????,insignificant,trifling,,,,,,,
???,????,cold (to the touch),chilly, icy, freezing,,,,,
??,???,powerful,strong, mighty, potent,,,,,
??,???,resistant,resilient, durable,,,,,,
?,?,hand,arm,,,,,,,
?,?,forepaw,foreleg,,,,,,,
?,?,handle,,,,,,,,
???,???,tape,,,,,,,,
????,????,table,,,,,,,,
????????,????????,tape recorder,,,,,,,,
????,????,to go out (e.g. on an excursion or outing),to depart, to set out, to start, to be going out,,,,
??,???,letter,,,,,,,,
???,???,to be able to,to be up to the task,,,,,,,
???,???,to be ready,to be completed,,,,,,,
??,???,exit,gateway, way out, outlet, leak, vent,,,
???,???,test,,,,,,,,
??,??,with that,then, well, so, well then, ????,,,
????,????,department store,,,,,,,,
??,??,but,however, though, nevertheless, still, yet, even so,,
??,??,to appear,to come forth,,,,,,,
??,??,to leave,to exit,,,,,,,
??,??,to answer (the phone or door),,,,,,,,
???,???,television,TV,,,,,,,
??,???,weather,the elements,,,,,,,
??,???,fair weather,fine weather,,,,,,,
??,???,electricity,,,,,,,,
??,???,(electric) light,,,,,,,,
??????,???????,electric heater,,,,,,,,
??,????,(electric) train,,,,,,,,
??,???,telephone,,,,,,,,
?,?,Japanese style door,,,,,,,,
??,??,Western style door,,,,,,,,
???,???,toilet,restroom, bathroom, lavatory,,,,,
??, ???,??, ???,how,in what way, how about,,,,
????,????,for what reason,why?, how, in what way, for what purpose, what for,,,
???,???,please,kindly,,,,,,,
???,???,by all means,,,,,,,,
??,????,animal,,,,,,,,
???,???,thanks,abbreviation of ??????,,,,,,,
???,???,much (thanks),very (sorry), quite (regret),,,,,,
??,???,far,distant,,,,,,,
??,???,ten days,,,,,,,,
??,???,(the) tenth (of the month),,,,,,,,
??,????,sometimes,at times,,,,,,,
??,???,watch,clock, timepiece,,,,,,
??,??,where,what place,,,,,,,
?,???,place,spot, scene, site,,,,,
?,??,year,,,,,,,,
?,??,age,,,,,,,,
???,?????,library,,,,,,,,
???, ???,???, ???,which way,which direction, where,,,,
???,???,very,awfully, exceedingly,,,,,,
???,???,(before a negative form) (not) at all,by no means,,,,,,,
???,???,who,,,,,,,,
?,???,next to (esp. living next door to),neighbor,,,,,,,
??,??,which,what (way),,,,,,,
??,??,to jump,to leap, to spring, to bound, to hop,,,,
??,??,to fly,to soar,,,,,,,
???,???,to stop,to halt,,,,,,,
???,???,to come to a halt,,,,,,,,
??,????,friend,companion,,,,,,,
???,????,Saturday,,,,,,,,
?,??,bird,,,,,,,,
?,??,bird meat (esp. chicken meat),fowl, poultry,,,,,,
??,??,to take,to pick up, to harvest,,,,,,
??,??,to steal,,,,,,,,
??,??,to eat,to have (a meal),,,,,,,
??,??,to remove (one's glasses, etc...),,,,,,,
??,??,to take (a photo),to make (a film),,,,,,,
??,??,which (of three or more),,,,,,,,
???,???,knife,,,,,,,,
?,??,middle,center,,,,,,,
?,??,inside,in,,,,,,,
?,??,among,within,,,,,,,
?,??,during,while,,,,,,,
??,???,long (distance),,,,,,,,
??,???,long (time),lengthy,,,,,,,
??,??,to bark,to purr, to make sound (animal),,,,,,
??,??,to sing (bird),,,,,,,,
??,??,to cry,to weep, to sob, to howl,,,,,
???,???,to lose something,,,,,,,,
??,??,why,how,,,,,,,
?,??,summer,,,,,,,,
???,?????,summer vacation,summer holiday,,,,,,,
?,??,et cetera,etc, and the like, and so forth,,,,,
?,??,(indicating an approximate quote or vague suggestion) or something,,,,,,,,
?,??,(lessening the significance or value of the previous word) the likes of,,,,,,,,
??,???,seven,,,,,,,,
??,???,seven days,,,,,,,,
??,???,(the) seventh (day of the month),,,,,,,,
??,???,name,full name,,,,,,,
??,???,given name,first name,,,,,,,
??,???,to learn,,,,,,,,
??,???,to line up,to stand in a line,,,,,,,
??,???,to rival,to match, to equal,,,,,,
???,????,to line up,to set up,,,,,,,
??,??,to become,to get, to grow, to be, to reach, to attain,,,
?,??/??,what,,,,,,,,
?,?,two,,,,,,,,
???,????,bustling,busy,,,,,,,
?,??,meat,,,,,,,,
?,??,flesh,,,,,,,,
?,??,west,,,,,,,,
???,?????,Sunday,,,,,,,,
??,???,luggage,baggage,,,,,,,
????,????,news,,,,,,,,
?,??,garden,,,,,,,,
??,??,to take off (clothes, shoes, etc...),to undress,,,,,
??,???,lukewarm,tepid,,,,,,,
????,????,tie,necktie,,,,,,,
?,??,cat,,,,,,,,
??,??,to lie down,,,,,,,,
??,??,to go to bed, to lie in bed,,,,,,,
??,??,to sleep (lying down),,,,,,,,
???,???,notebook,Copy-book, exercise book,,,,,,
???,???,note ,,,,,,,,
???,???,notebook PC,laptop PC,,,,,,,
??,???,to climb,to ascend, to go up,,,,,,
??,???,to rise,to ascend (e.g. the sun),,,,,,,
??,???,to go to (the capital),,,,,,,,
??,???,to be promoted,,,,,,,,
???,????,(a) drink,a beverage,,,,,,,
??,??,to drink,to gulp, to swallow,,,,,,
??,??,to take (medicine),,,,,,,,
??,??,to get on,to ride in, to board,,,,,,
??,??,to spread (paints),,,,,,,,
??,??,to share in,to join,,,,,,,
?,?,tooth,,,,,,,,
?????,?????,party,,,,,,,,
??,??,yes,,,,,,,,
??,??,OK (used to get attention prior to an utterance),okay,,,,,,,
??,????,ashtray,,,,,,,,
??,???,to enter,,,,,,,,
??,???,to break into,,,,,,,,
??,???,to join,to enroll,,,,,,,
??,???,to contain,to hold, to accommodate,,,,,,
??,???,postcard,,,,,,,,
??,???,memo, note, card,,,,,,
??,??,to put on (lower-body clothing i.e. pants, skirt, etc...),to put on footwear,,,,,
?,??,box,,,,,,,,
?,??,bridge,,,,,,,,
?,??,chopsticks,,,,,,,,
???,????,to begin,,,,,,,,
???,????,In the beginning,to begin with, first of all,,,,,,
???,????,for the first time,,,,,,,,
???,????,only after … is it …,only when … do you …,,,,,,,
??,???,to run,,,,,,,,
??,???,to travel (movement of vehicles),,,,,,,,
??,???,to hurry to,,,,,,,,
??,???,to retreat (from battle), to take flight,,,,,,,
??,??,bus,,,,,,,,
??,??,bath,,,,,,,,
??,??,bass,,,,,,,,
???,???,butter,,,,,,,,
???,???,20 years old,,,,,,,,
??,????,to work,to labor,,,,,,,
??,????,to function,to operate, to work (as in a machine works), to come into play,,,,,
?,??,eight,,,,,,,,
???,???,twenty days,,,,,,,,
???,???,20th (day of the month),,,,,,,,
?,??,flower,blossom, bloom, petal,,,,,
?,??,nose,,,,,,,,
?,???,talk,speech, chat, story, conversation,,,,
?,???,discussions,negotiation,,,,,,,
??,???,to speak,,,,,,,,
?,??,mother,,,,,,,,
??,???,early (in the day, etc...),,,,,,,
??,???,fast,quick, hasty, brisk,,,,,
??,???,(too) soon,not yet, (too) early,,,,,,
??,???,easy ,simple,,,,,,,
??,???,quick,fast, hasty, brisk,,,,,
?,??,spring,springtime,,,,,,,
?,??,new year,,,,,,,,
?,??,prime (of one's life, etc...),,,,,,,
?,??,adolescence,,,,,,,,
??,??,to stick,to paste, to affix, to link (e.g. in WWW forums),,,,,
??,??,clear weather,,,,,,,,
???,???,to be sunny,to clear up, to stop raining,,,,,,
???,???,to refresh (e.g. spirits),,,,,,,,
???,???,to be cleared (e.g. of a suspicion),,,,,,,,
?,??,half,,,,,,,,
?,??,evening,,,,,,,,
?,??,(counter for) nights,,,,,,,,
??,??,bread,,,,,,,,
????,????,handkerchief,,,,,,,,
??,????,number,series of digits,,,,,,,
???,?????,dinner,evening meal,,,,,,,
??,????,half minute,,,,,,,,
??,????,half,,,,,,,,
?,???,east,,,,,,,,
??,??,to pull,,,,,,,,
??,??,to draw (attention etc...),to attract (interest, etc...),,,,,,
??,??,to draw back,,,,,,,,
??,??,to play (an instrument with strings, including piano),,,,,,,
??,???,low (height, tone, rank, degree, cost, etc...),short,,
???,????,airplane,aeroplane, aircraft,,,,,,
?,???,left,left hand side,,,,,,,
??,???,one,,,,,,,,
?,??,person,man,,,,,,,
?,??,human being,mankind, people,,,,,,
??,???,one,,,,,,,,
??,???,for one thing (often used in itemized lists),,,,,,,,
??,????,one month,,,,,,,,
??,???,one person,,,,,,,,
?,??,free time,spare time, leisure,,,,,,
?,???,hundred,,,,,,,,
??,?????,hospital,,,,,,,,
??,????,illness,disease, sickness,,,,,,
?,??,noon,midday,,,,,,,
?,??,daytime,,,,,,,,
?,??,lunch,,,,,,,,
???,?????,lunch,midday meal,,,,,,,
??,???,spacious,vast, wide,,,,,,
????,????,roll of film,,,,,,,,
??,????,envelope,,,,,,,,
???,???,swimming pool,,,,,,,,
????,????,fork,,,,,,,,
??,??,to blow (wind, etc.),,,,,,,
??,??,to emit,to spout,,,,,,,
?,??,clothes (esp. western clothes),,,,,,,,
?,??,(counter for) doses of medicine,gulps of tea, drags of a cigarette, etc...,,,,,
??,???,two,,,,,,,,
??,????,pork,,,,,,,,
??,???,two people,two persons, pair, couple,,,,,
??,???,two days,,,,,,,,
??,???,the second (day of the month),,,,,,,,
??,???,fat,thick,,,,,,,
??,???,deep (of a voice),,,,,,,,
??,???,daring,shameless, brazen,,,,,,
?,??,winter,,,,,,,,
??,??,to precipitate,to fall (e.g. rain),,,,,,,
??,???,old (not used for people),aged, ancient, antiquated, stale, threadbare, outmoded, obsolete article,
??,??,bath,bathtub,,,,,,,
??,??,bathroom,bathhouse,,,,,,,
??,?????,sentence,article, composition,,,,,,
???,???,page,,,,,,,,
??,??,unskillful,poor, awkward,,,,,,
??,??,imprudent,untactful,,,,,,,
???,???,bed,,,,,,,,
???,???,pet,,,,,,,,
??,??,room,(one's own) place, apartment,,,,,,
?,??,area,vicinity,,,,,,,
?,??,side (of triangle, rectangle, etc...),,,,,,
?,??,circumstances,,,,,,,,
??,??,pen,,,,,,,,
??,?????,study,,,,,,,,
??,???,convenient,handy, useful,,,,,,
??,???,hat,cap,,,,,,,
?????,?????,ball-point pen,,,,,,,,
??,??,other (esp. places and things),the rest,,,,,,,
????,????,pocket,,,,,,,,
???,???,wanted,wished for, in need of, desired,,,,,
???,???,post,position,,,,,,,
???,???,postbox,mail box, pillar box,,,,,,
??,???,thin,slender, fine,,,,,,
???,???,button,,,,,,,,
???,???,hotel,,,,,,,,
?,??,book,volume,,,,,,,
?,??,main,head, this, our, present, real,,,
?,??,(counter for) long cylindrical things,,,,,,,,
??,????,bookshelves,,,,,,,,
??,????,truth,reality,,,,,,,
???,?????,?????,really,truly,,,,,,
??,????,every morning,,,,,,,,
??,????/????,every month,,,,,,,,
??,?????,every week,,,,,,,,
??,????,every day,,,,,,,,
??,????/????,every year,,,,,,,,
??,????,every night,,,,,,,,
?,??,before (some event),ago, previously,,,,,,
?,??,in front (of),before (e.g. the house),,,,,,,
??,???,to bend,to curve, to warp, to wind, to twist,,,,
??,???,to turn,,,,,,,,
??,???,to be awry,to be askew, to be crooked,,,,,,
???,???,unpleasant (taste, appearance, situation),unappetizing,,,,,
??,??,again,and, also, still (doing something),,,,,
??,??,as yet,hitherto, still,,,,,,
??,??,not yet (with negative verb),,,,,,,,
?,??,town,block, neighborhood,,,,,,
?,??,street,road,,,,,,,
??,??,to wait,,,,,,,,
??,??,to await,to look forward to, to anticipate,,,,,,
??,??,to depend on (usually in negative form),to need,,,,,,,
????,????,straight (ahead),direct, upright, erect,,,,,
????,????,straightforward,honest,,,,,,,
???,???,match (contest),,,,,,,,
???,???,match (to light fire with),,,,,,,,
?,??,window,,,,,,,,
??/??,???,round,circular, spherical,,,,,,
?,??,ten thousand,,,,,,,,
???,??????,fountain pen,,,,,,,,
??,???,to brush (teeth),to polish, to shine,,,,,,
??,???,to refine,to improve,,,,,,,
?,??,right,right hand side,,,,,,,
??,????,short,,,,,,,,
?,??,water (cold, fresh),,,,,,,
?,??,shop,store, establishment,,,,,,
???,???,to show,to display,,,,,,,
?,??,street,road, way, path, route, lane,,,
??,???,three days,,,,,,,,
??,???,the third,,,,,,,,
??,???,three,,,,,,,,
?,???,green,,,,,,,,
?,??, ???,everyone,all, everybody,,,,,
?,??, ???,everything,,,,,,,
?,???,south,,,,,,,,
?,??,ear,,,,,,,,
?,??,hearing,,,,,,,,
?,??,edge,crust,,,,,,,
??,??,to see,to look, to watch,,,,,,
??,??,to look over,to look on,,,,,,,
??,???,sixth day (of the month),,,,,,,,
??,???,six days ,,,,,,,,
???,???,over there,that way, far away, beyond,,,,,
???,???,opposite side,other side, opposite direction,,,,,,
???,?????,difficult,hard, troublesome, complicated, serious,,,,
??,???,six,,,,,,,,
?,??,village,,,,,,,,
?,?,eye,eyeball,,,,,,,
?,?,eyesight,sight, vision,,,,,,
????,????,meter,,,,,,,,
??,???,glasses,spectacles,,,,,,,
??,??,already,anymore,,,,,,,
??,??,soon,shortly,,,,,,,
??,??,more,further, other, again,,,,,
????,?????,again,once more,,,,,,,
???,?????,Thursday,,,,,,,,
????,????,of course,certainly, naturally,,,,,,
??,??,to hold,to carry,,,,,,,
??,??,to possess,,,,,,,,
???,???,more,even more, longer, further,,,,,
?,??,thing,object,,,,,,,
?,??,gate,,,,,,,,
??,????,problem,question,,,,,,,
???,???,greengrocer,,,,,,,,
??,???,vegetable,,,,,,,,
???,????,easy,plain, simple,,,,,,
??,???,cheap,inexpensive,,,,,,,
??,???,rest,recess, respite,,,,,,
??,???,vacation,holiday, absence, suspension,,,,,
??,???,to rest,to have a break,,,,,,,
??,???,to be absent,to take a day off,,,,,,,
??,???,eight,,,,,,,,
?,??,mountain,hill,,,,,,,
??,??,to do,,,,,,,,
??,????,evening,dusk,,,,,,,
??,????,dinner,evening meal,,,,,,,
???,???????,post office,,,,,,,,
??,???,last night,,,,,,,,
??,????,famous,,,,,,,,
??,????,fame,,,,,,,,
?,??,snow,,,,,,,,
?????,?????,slowly,at ease, restful,,,,,,
??,???,eight days,,,,,,,,
??,???,(the) eighth day (of the month),,,,,,,,
??,????,western-style clothes,,,,,,,,
??,??,well,nicely, properly, skillfully,,,,,
??,??,often,frequently,,,,,,,
?,??,horizontal (as opposed to vertical),lying down,,,,,,,
?,??,width,breadth, side-to-side,,,,,,
?,??,side (of a box, etc...), ,,,,,,
?,??,beside,aside, next to,,,,,,
??,???,four days,,,,,,,,
??,???,(the) fourth day (of the month),,,,,,,,
??,???,four,,,,,,,,
??,??,to call out,to call, to invoke,,,,,,
??,??,to summon (a doctor, etc..),,,,,,,
??,??,to invite,,,,,,,,
??,??,to read,,,,,,,,
?,??,evening,night,,,,,,,
??,???,weak,frail, delicate, tender, unskilled, weak (wine),,,
??,????,next month,,,,,,,,
??,?????,next week,,,,,,,,
??,????,next year,,,,,,,,
???,???,radio,,,,,,,,
???? / ???????,???? / ???????,radio cassette player,,,,,,,,
??,???,splendid,fine, handsome, elegant, imposing, prominent, legal, legitimate,
???,???????,overseas student,exchange student,,,,,,,
??,?????,both parents,parents,,,,,,,
??,????,cuisine,cooking, cookery,,,,,,
??,????,travel,trip,,,,,,,
?,??,zero,nought,,,,,,,
???,?????,refrigerator,,,,,,,,
????,????,record,,,,,,,,
?????,?????,restaurant,,,,,,,,
??,?????,practice,,,,,,,,
??,???,corridor,hallway, passageway,,,,,,
?,??,six,,,,,,,,
?????,?????,business shirt,shirt, dress shirt,,,,,,
??,???,young,,,,,,,,
???,???,to be understood,to be comprehended, to be grasped,,,,,,
???,????,to forget,to leave carelessly, to be forgetful of, to forget about, to forget (an article),,,,
?,????,(humble) I,myself,,,,,,,
?,???,I,myself,,,,,,,
??,???,to hand over,to hand in, to pass, to give, to transfer,,,,
??,???,to traverse,to ferry across (a river, etc...), to carry across,,,,,
??,???,to go across,to cross over,,,,,,,
??,???,bad,poor, inferior,,,,,,
??,???,evil,sinful,,,,,,,
??,???,unprofitable,unbeneficial,,,,,,,
??,??,than (used for comparison),,,,,,,,
??,??,one side (of a comparison),,,,,,,,
